language,nodes_diff_percentage,edges_diff_percentage,state_size_diff_percentage,variables_diff_percentage
hrg,47.439707794420315,41.689128014135115,6.1586308835267385,12.013129414445205
rbg,72.29158638510235,66.06350214965126,23.22742541330116,18.450482266271738
